word,colour,coungrency,,,,,,,key_resp.rt,key_resp.duration,trials.thisRepN,trials.thisTrialN,trials.thisN,trials.thisIndex,thisRow.t,notes,Intro.started,text.started,key_resp_2.started,Intro.stopped,key_resp_2.keys,key_resp_2.rt,key_resp_2.duration,trial.started,Fixation.started,cc.started,key_resp.started,Fixation.stopped,trial.stopped,trials.key_resp.keys,trials.key_resp.corr,trials.key_resp.rt,trials.key_resp.duration,cc.stopped,thankyou.started,text_2.started,thankyou.stopped,participant,session,date,expName,expVersion,psychopyVersion,frameRate,expStart
,,,,,,,,,,,,,,,,,0.0058294,0.0341982,0.0341982,0.579016,space,0.4028679,None,,,,,,,,,,,,,,,priyanshi,1,2025-08-22_10h14.50.109,Stroop_Task,,2025.2.0,60.41346979,2025-08-22 10h14.50.780836 +0530
RED,red,C,,,,,,,0.5056794,None,0,0,0,0,0.6344296,,,,,,,,,0.6222017,0.6344296,1.0857888,1.0857888,1.1356123,1.6069728,r,1,0.5056794,None,,,,,priyanshi,1,2025-08-22_10h14.50.109,Stroop_Task,,2025.2.0,60.41346979,2025-08-22 10h14.50.780836 +0530
RED,blue,C,,,,,,,0.4939593,None,0,1,1,3,1.6204959,,,,,,,,,1.6087137,1.6204959,2.1200641,2.1200641,2.1200641,2.5574312,b,1,0.4296975,None,,,,,priyanshi,1,2025-08-22_10h14.50.109,Stroop_Task,,2025.2.0,60.41346979,2025-08-22 10h14.50.780836 +0530
BLUE,blue,C,,,,,,,0.3816573,None,0,2,2,1,2.5828649,,,,,,,,,2.5758087,2.5828649,3.0704393,3.0704393,3.0863859,3.5733181,b,1,0.4939593,None,,,,,priyanshi,1,2025-08-22_10h14.50.109,Stroop_Task,,2025.2.0,60.41346979,2025-08-22 10h14.50.780836 +0530
BLUE,red,C,,,,,,,0.3932986,None,0,3,3,2,3.5872863,,,,,,,,,3.5750958,3.5872863,4.0864206,4.0864206,4.0864206,4.507909,r,1,0.4165907,None,,,,,priyanshi,1,2025-08-22_10h14.50.109,Stroop_Task,,2025.2.0,60.41346979,2025-08-22 10h14.50.780836 +0530
RED,red,C,,,,,,,0.4130376,None,1,0,4,0,4.523307,,,,,,,,,4.5155416,4.523307,5.0205118,5.0205118,5.0365386,5.406917,r,1,0.3816573,None,,,,,priyanshi,1,2025-08-22_10h14.50.109,Stroop_Task,,2025.2.0,60.41346979,2025-08-22 10h14.50.780836 +0530
RED,blue,C,,,,,,,0.5666598,None,1,1,5,3,5.4209973,,,,,,,,,5.4086304,5.4209973,5.9199064,5.9199064,5.9199064,6.5401148,r,0,0.6078329,None,,,,,priyanshi,1,2025-08-22_10h14.50.109,Stroop_Task,,2025.2.0,60.41346979,2025-08-22 10h14.50.780836 +0530
BLUE,red,C,,,,,,,0.4606186,None,1,2,6,2,6.5566665,,,,,,,,,6.5478846,6.5566665,7.0554625,7.0554625,7.0706904,7.5735356,r,1,0.5108305,None,,,,,priyanshi,1,2025-08-22_10h14.50.109,Stroop_Task,,2025.2.0,60.41346979,2025-08-22 10h14.50.780836 +0530
BLUE,blue,C,,,,,,,0.3455276,None,1,3,7,1,7.5872052,,,,,,,,,7.5753273,7.5872052,8.0872323,8.0872323,8.0872323,8.4919641,b,1,0.3932986,None,,,,,priyanshi,1,2025-08-22_10h14.50.109,Stroop_Task,,2025.2.0,60.41346979,2025-08-22 10h14.50.780836 +0530
BLUE,red,C,,,,,,,0.4747668,None,2,0,8,2,8.5047316,,,,,,,,,8.4936779,8.5047316,9.0037437,9.0037437,9.0037437,9.4235645,r,1,0.4127532,None,,,,,priyanshi,1,2025-08-22_10h14.50.109,Stroop_Task,,2025.2.0,60.41346979,2025-08-22 10h14.50.780836 +0530
RED,red,C,,,,,,,0.5342065,None,2,1,9,0,9.4411846,,,,,,,,,9.4323395,9.4411846,9.9383697,9.9383697,9.9531863,10.3569445,r,1,0.4130376,None,,,,,priyanshi,1,2025-08-22_10h14.50.109,Stroop_Task,,2025.2.0,60.41346979,2025-08-22 10h14.50.780836 +0530
BLUE,blue,C,,,,,,,0.399234,None,2,2,10,1,10.3734498,,,,,,,,,10.3657394,10.3734498,10.8704185,10.8704185,10.8866628,11.4406209,b,1,0.5666598,None,,,,,priyanshi,1,2025-08-22_10h14.50.109,Stroop_Task,,2025.2.0,60.41346979,2025-08-22 10h14.50.780836 +0530
RED,blue,C,,,,,,,0.9777558,None,2,3,11,3,11.456303,,,,,,,,,11.4487885,11.456303,11.9545597,11.9545597,11.9700654,12.4564539,b,1,0.4909716,None,,,,,priyanshi,1,2025-08-22_10h14.50.109,Stroop_Task,,2025.2.0,60.41346979,2025-08-22 10h14.50.780836 +0530
BLUE,red,C,,,,,,,0.4143983,None,3,0,12,2,12.4719376,,,,,,,,,12.4642904,12.4719376,12.9716366,12.9716366,12.9876672,13.4067206,r,1,0.4232261,None,,,,,priyanshi,1,2025-08-22_10h14.50.109,Stroop_Task,,2025.2.0,60.41346979,2025-08-22 10h14.50.780836 +0530
BLUE,blue,C,,,,,,,0.259066,None,3,1,13,1,13.4209928,,,,,,,,,13.4084967,13.4209928,13.9205727,13.9205727,13.9205727,14.3905554,b,1,0.4606186,None,,,,,priyanshi,1,2025-08-22_10h14.50.109,Stroop_Task,,2025.2.0,60.41346979,2025-08-22 10h14.50.780836 +0530
RED,red,C,,,,,,,0.5353139,None,3,2,14,0,14.4068565,,,,,,,,,14.3991033,14.4068565,14.9045988,14.9045988,14.9202334,15.2568343,r,1,0.3455276,None,,,,,priyanshi,1,2025-08-22_10h14.50.109,Stroop_Task,,2025.2.0,60.41346979,2025-08-22 10h14.50.780836 +0530
RED,blue,C,,,,,,,0.5444586,None,3,3,15,3,15.2709214,,,,,,,,,15.2586178,15.2709214,15.7716103,15.7716103,15.7716103,16.1900808,b,1,0.4095379,None,,,,,priyanshi,1,2025-08-22_10h14.50.109,Stroop_Task,,2025.2.0,60.41346979,2025-08-22 10h14.50.780836 +0530
BLUE,blue,C,,,,,,,0.9099846,None,4,0,16,1,16.2064043,,,,,,,,,16.1982318,16.2064043,16.7058747,16.7058747,16.7211558,17.1912623,b,1,0.4747668,None,,,,,priyanshi,1,2025-08-22_10h14.50.109,Stroop_Task,,2025.2.0,60.41346979,2025-08-22 10h14.50.780836 +0530
RED,blue,C,,,,,,,0.5711782,None,4,1,17,3,17.2107283,,,,,,,,,17.201275,17.2107283,17.7037139,17.7037139,17.7204889,18.0900642,b,1,0.3771536,None,,,,,priyanshi,1,2025-08-22_10h14.50.109,Stroop_Task,,2025.2.0,60.41346979,2025-08-22 10h14.50.780836 +0530
BLUE,red,C,,,,,,,0.6366887,None,4,2,18,2,18.1063227,,,,,,,,,18.0985885,18.1063227,18.6047653,18.6047653,18.6211197,19.1075217,r,1,0.484165,None,,,,,priyanshi,1,2025-08-22_10h14.50.109,Stroop_Task,,2025.2.0,60.41346979,2025-08-22 10h14.50.780836 +0530
RED,red,C,,,,,,,0.4531755,None,4,3,19,0,19.1219733,,,,,,,,,19.1153876,19.1219733,19.6212761,19.6212761,19.6381586,20.1587529,r,1,0.5342065,None,,,,,priyanshi,1,2025-08-22_10h14.50.109,Stroop_Task,,2025.2.0,60.41346979,2025-08-22 10h14.50.780836 +0530
BLUE,blue,C,,,,,,,0.0297085,None,5,0,20,1,20.176385,,,,,,,,,20.1678398,20.176385,20.6716473,20.6716473,20.6876466,21.0743761,b,1,0.399234,None,,,,,priyanshi,1,2025-08-22_10h14.50.109,Stroop_Task,,2025.2.0,60.41346979,2025-08-22 10h14.50.780836 +0530
BLUE,red,C,,,,,,,0.0204934,None,5,1,21,2,21.0879198,,,,,,,,,21.0760955,21.0879198,21.5872349,21.5872349,21.5872349,22.040774,b,0,0.4351719,None,,,,,priyanshi,1,2025-08-22_10h14.50.109,Stroop_Task,,2025.2.0,60.41346979,2025-08-22 10h14.50.780836 +0530
RED,blue,C,,,,,,,0.0652669,None,5,2,22,3,22.0557694,,,,,,,,,22.0494786,22.0557694,22.5550335,22.5550335,22.5701931,23.1090005,r,0,0.5462306,None,,,,,priyanshi,1,2025-08-22_10h14.50.109,Stroop_Task,,2025.2.0,60.41346979,2025-08-22 10h14.50.780836 +0530
RED,red,C,,,,,,,0.0961075,None,5,3,23,0,23.1211489,,,,,,,,,23.1108719,23.1211489,23.620273,23.620273,23.620273,24.6073828,r,1,0.9777558,None,24.6238923,,,,priyanshi,1,2025-08-22_10h14.50.109,Stroop_Task,,2025.2.0,60.41346979,2025-08-22 10h14.50.780836 +0530
BLUE,blue,C,,,,,,,0.0201661,None,6,0,24,1,24.6238923,,,,,,,,,24.6159465,24.6238923,25.1211417,25.1211417,25.1379989,25.5408133,b,1,0.4143983,None,,,,,priyanshi,1,2025-08-22_10h14.50.109,Stroop_Task,,2025.2.0,60.41346979,2025-08-22 10h14.50.780836 +0530
RED,blue,C,,,,,,,0.040863,None,6,1,25,3,25.5564398,,,,,,,,,25.5487584,25.5564398,26.0537112,26.0537112,26.0703547,26.4916216,b,1,0.4240491,None,,,,,priyanshi,1,2025-08-22_10h14.50.109,Stroop_Task,,2025.2.0,60.41346979,2025-08-22 10h14.50.780836 +0530
BLUE,red,C,,,,,,,0.1364601,None,6,2,26,2,26.51034,,,,,,,,,26.5019437,26.51034,27.0054885,27.0054885,27.0218514,27.5402106,r,1,0.5214873,None,,,,,priyanshi,1,2025-08-22_10h14.50.109,Stroop_Task,,2025.2.0,60.41346979,2025-08-22 10h14.50.780836 +0530
RED,red,C,,,,,,,0.0297057,None,6,3,27,0,27.5567566,,,,,,,,,27.549217,27.5567566,28.055088,28.055088,28.0711803,28.3238273,b,0,0.259066,None,,,,,priyanshi,1,2025-08-22_10h14.50.109,Stroop_Task,,2025.2.0,60.41346979,2025-08-22 10h14.50.780836 +0530
RED,red,C,,,,,,,0.0139574,None,7,0,28,0,28.3381653,,,,,,,,,28.325583,28.3381653,28.8377019,28.8377019,28.8377019,29.3914056,r,1,0.5353139,None,,,,,priyanshi,1,2025-08-22_10h14.50.109,Stroop_Task,,2025.2.0,60.41346979,2025-08-22 10h14.50.780836 +0530
BLUE,blue,C,,,,,,,0.0151475,None,7,1,29,1,29.4058654,,,,,,,,,29.3993015,29.4058654,29.9049079,29.9049079,29.9227331,30.459621,b,1,0.5444586,None,,,,,priyanshi,1,2025-08-22_10h14.50.109,Stroop_Task,,2025.2.0,60.41346979,2025-08-22 10h14.50.780836 +0530
RED,blue,C,,,,,,,0.0305754,None,7,2,30,3,30.4751186,,,,,,,,,30.4675576,30.4751186,30.9706003,30.9706003,30.9880147,31.3584976,b,1,0.3767839,None,,,,,priyanshi,1,2025-08-22_10h14.50.109,Stroop_Task,,2025.2.0,60.41346979,2025-08-22 10h14.50.780836 +0530
BLUE,red,C,,,,,,,0.1030299,None,7,3,31,2,31.3745709,,,,,,,,,31.3673055,31.3745709,31.8705603,31.8705603,31.8873318,32.258327,r,1,0.3787093,None,,,,,priyanshi,1,2025-08-22_10h14.50.109,Stroop_Task,,2025.2.0,60.41346979,2025-08-22 10h14.50.780836 +0530
RED,blue,C,,,,,,,0.2176261,None,8,0,32,3,32.2750583,,,,,,,,,32.26737,32.2750583,32.7715699,32.7715699,32.7879407,33.2742012,r,0,0.4943004,None,,,,,priyanshi,1,2025-08-22_10h14.50.109,Stroop_Task,,2025.2.0,60.41346979,2025-08-22 10h14.50.780836 +0530
BLUE,blue,C,,,,,,,0.237571,None,8,1,33,1,33.2908057,,,,,,,,,33.2831043,33.2908057,33.7878246,33.7878246,33.8041098,34.7078906,b,1,0.9099846,None,,,,,priyanshi,1,2025-08-22_10h14.50.109,Stroop_Task,,2025.2.0,60.41346979,2025-08-22 10h14.50.780836 +0530
RED,red,C,,,,,,,0.237571,None,8,2,34,0,34.7240766,,,,,,,,,34.7166053,34.7240766,35.2223665,35.2223665,35.2376442,35.807446,r,1,0.5711782,None,,,,,priyanshi,1,2025-08-22_10h14.50.109,Stroop_Task,,2025.2.0,60.41346979,2025-08-22 10h14.50.780836 +0530
BLUE,red,C,,,,,,,0.2449777,None,8,3,35,2,35.8252468,,,,,,,,,35.8168627,35.8252468,36.3230103,36.3230103,36.3382361,36.7084392,b,0,0.3682194,None,,,,,priyanshi,1,2025-08-22_10h14.50.109,Stroop_Task,,2025.2.0,60.41346979,2025-08-22 10h14.50.780836 +0530
RED,blue,C,,,,,,,0.015224,None,9,0,36,3,36.7238353,,,,,,,,,36.7173416,36.7238353,37.2209795,37.2209795,37.2374,38.8914851,b,1,1.6618042,None,38.221528,,,,priyanshi,1,2025-08-22_10h14.50.109,Stroop_Task,,2025.2.0,60.41346979,2025-08-22 10h14.50.780836 +0530
BLUE,blue,C,,,,,,,0.0381405,None,9,1,37,1,38.9081446,,,,,,,,,38.9006119,38.9081446,39.4054149,39.4054149,39.420878,40.0573034,b,1,0.6366887,None,,,,,priyanshi,1,2025-08-22_10h14.50.109,Stroop_Task,,2025.2.0,60.41346979,2025-08-22 10h14.50.780836 +0530
RED,red,C,,,,,,,0.0055898,None,9,2,38,0,40.0741202,,,,,,,,,40.0651879,40.0741202,40.5714752,40.5714752,40.58914,41.0415856,r,1,0.4531755,None,,,,,priyanshi,1,2025-08-22_10h14.50.109,Stroop_Task,,2025.2.0,60.41346979,2025-08-22 10h14.50.780836 +0530
BLUE,red,C,,,,,,,0.019381,None,9,3,39,2,41.0567093,,,,,,,,,41.04985,41.0567093,41.55417,41.55417,41.5711271,41.9751839,b,0,0.4036087,None,,,,,priyanshi,1,2025-08-22_10h14.50.109,Stroop_Task,,2025.2.0,60.41346979,2025-08-22 10h14.50.780836 +0530
RED,blue,C,,,,,,,0.0893123,None,10,0,40,3,41.9914816,,,,,,,,,41.9847908,41.9914816,42.487772,42.487772,42.5051856,42.8923112,b,1,0.3932587,None,,,,,priyanshi,1,2025-08-22_10h14.50.109,Stroop_Task,,2025.2.0,60.41346979,2025-08-22 10h14.50.780836 +0530
BLUE,red,C,,,,,,,0.1002451,None,10,1,41,2,42.9093885,,,,,,,,,42.9015726,42.9093885,43.4070098,43.4070098,43.4232984,43.6080658,b,0,0.1964711,None,,,,,priyanshi,1,2025-08-22_10h14.50.109,Stroop_Task,,2025.2.0,60.41346979,2025-08-22 10h14.50.780836 +0530
BLUE,blue,C,,,,,,,0.0590434,None,10,2,42,1,43.6220332,,,,,,,,,43.6097891,43.6220332,44.121716,44.121716,44.121716,44.159481,r,0,0.0297085,None,,,,,priyanshi,1,2025-08-22_10h14.50.109,Stroop_Task,,2025.2.0,60.41346979,2025-08-22 10h14.50.780836 +0530
RED,red,C,,,,,,,0.0792513,None,10,3,43,0,44.1747801,,,,,,,,,44.1673086,44.1747801,44.671775,44.671775,44.6874583,44.7073548,b,0,0.0204934,None,,,,,priyanshi,1,2025-08-22_10h14.50.109,Stroop_Task,,2025.2.0,60.41346979,2025-08-22 10h14.50.780836 +0530
RED,red,C,,,,,,,0.0237711,None,11,0,44,0,44.722087,,,,,,,,,44.70914,44.722087,45.2217575,45.2217575,45.2217575,45.2912055,r,1,0.0652669,None,,,,,priyanshi,1,2025-08-22_10h14.50.109,Stroop_Task,,2025.2.0,60.41346979,2025-08-22 10h14.50.780836 +0530
BLUE,red,C,,,,,,,0.4106884,None,11,1,45,2,45.3071364,,,,,,,,,45.299685,45.3071364,45.8049852,45.8049852,45.8220433,45.8254402,r,1,0.0044124,None,,,,,priyanshi,1,2025-08-22_10h14.50.109,Stroop_Task,,2025.2.0,60.41346979,2025-08-22 10h14.50.780836 +0530
RED,blue,C,,,,,,,0.6674698,None,11,2,46,3,45.8398397,,,,,,,,,45.8334643,45.8398397,46.3386161,46.3386161,46.3551194,46.4407388,b,1,0.086786,None,,,,,priyanshi,1,2025-08-22_10h14.50.109,Stroop_Task,,2025.2.0,60.41346979,2025-08-22 10h14.50.780836 +0530
BLUE,blue,C,,,,,,,0.5032833,None,11,3,47,1,46.456774,,,,,,,,,46.448936,46.456774,46.9546026,46.9546026,46.9722319,47.0582907,r,0,0.0961075,None,,,,,priyanshi,1,2025-08-22_10h14.50.109,Stroop_Task,,2025.2.0,60.41346979,2025-08-22 10h14.50.780836 +0530
RED,blue,C,,,,,,,0.6255502,None,12,0,48,3,47.0750468,,,,,,,,,47.0662384,47.0750468,47.5710753,47.5710753,47.5876538,47.6254048,r,0,0.0424532,None,,,,,priyanshi,1,2025-08-22_10h14.50.109,Stroop_Task,,2025.2.0,60.41346979,2025-08-22 10h14.50.780836 +0530
BLUE,red,C,,,,,,,0.4222192,None,12,1,49,2,47.6409392,,,,,,,,,47.6333974,47.6409392,48.1385921,48.1385921,48.1554128,48.1591614,r,1,0.0111058,None,,,,,priyanshi,1,2025-08-22_10h14.50.109,Stroop_Task,,2025.2.0,60.41346979,2025-08-22 10h14.50.780836 +0530
BLUE,blue,I,,,,,,,0.4296975,None,12,2,50,1,48.1718353,,,,,,,,,48.1609078,48.1718353,48.6720443,48.6720443,48.6720443,48.7079424,r,0,0.0201661,None,,,,,priyanshi,1,2025-08-22_10h14.50.109,Stroop_Task,,2025.2.0,60.41346979,2025-08-22 10h14.50.780836 +0530
RED,red,I,,,,,,,0.4165907,None,12,3,51,0,48.7245723,,,,,,,,,48.716902,48.7245723,49.2218118,49.2218118,49.2379712,49.2752635,r,1,0.040863,None,,,,,priyanshi,1,2025-08-22_10h14.50.109,Stroop_Task,,2025.2.0,60.41346979,2025-08-22 10h14.50.780836 +0530
BLUE,blue,I,,,,,,,0.6078329,None,13,0,52,1,49.2910834,,,,,,,,,49.2832657,49.2910834,49.7888378,49.7888378,49.8061608,49.9411852,r,0,0.1364601,None,,,,,priyanshi,1,2025-08-22_10h14.50.109,Stroop_Task,,2025.2.0,60.41346979,2025-08-22 10h14.50.780836 +0530
RED,red,I,,,,,,,0.5108305,None,13,1,53,0,49.9567418,,,,,,,,,49.949197,49.9567418,50.4550645,50.4550645,50.4714048,50.4918341,r,1,0.0297057,None,,,,,priyanshi,1,2025-08-22_10h14.50.109,Stroop_Task,,2025.2.0,60.41346979,2025-08-22 10h14.50.780836 +0530
RED,blue,I,,,,,,,0.4127532,None,13,2,54,3,50.5054553,,,,,,,,,50.4936549,50.5054553,51.004799,51.004799,51.004799,51.0250409,r,0,0.0166678,None,,,,,priyanshi,1,2025-08-22_10h14.50.109,Stroop_Task,,2025.2.0,60.41346979,2025-08-22 10h14.50.780836 +0530
BLUE,red,I,,,,,,,0.4909716,None,13,3,55,2,51.0422277,,,,,,,,,51.0332776,51.0422277,51.5384771,51.5384771,51.5551337,51.6247579,r,1,0.0695506,None,,,,,priyanshi,1,2025-08-22_10h14.50.109,Stroop_Task,,2025.2.0,60.41346979,2025-08-22 10h14.50.780836 +0530
BLUE,red,I,,,,,,,0.4232261,None,14,0,56,2,51.6378834,,,,,,,,,51.6264244,51.6378834,52.1390372,52.1390372,52.1390372,52.157673,r,1,0.0079275,None,,,,,priyanshi,1,2025-08-22_10h14.50.109,Stroop_Task,,2025.2.0,60.41346979,2025-08-22 10h14.50.780836 +0530
RED,blue,I,,,,,,,0.4095379,None,14,1,57,3,52.173528,,,,,,,,,52.1657655,52.173528,52.6731239,52.6731239,52.6731239,52.6937817,r,0,0.0154306,None,,,,,priyanshi,1,2025-08-22_10h14.50.109,Stroop_Task,,2025.2.0,60.41346979,2025-08-22 10h14.50.780836 +0530
RED,red,I,,,,,,,0.3771536,None,14,2,58,0,52.7054963,,,,,,,,,52.6957475,52.7054963,53.2043819,53.2043819,53.2043819,53.2253429,r,1,0.0139574,None,,,,,priyanshi,1,2025-08-22_10h14.50.109,Stroop_Task,,2025.2.0,60.41346979,2025-08-22 10h14.50.780836 +0530
BLUE,blue,I,,,,,,,0.484165,None,14,3,59,1,53.2407711,,,,,,,,,53.2331994,53.2407711,53.7388019,53.7388019,53.7555946,53.759009,r,0,0.0151475,None,,,,,priyanshi,1,2025-08-22_10h14.50.109,Stroop_Task,,2025.2.0,60.41346979,2025-08-22 10h14.50.780836 +0530
RED,red,I,,,,,,,0.4351719,None,15,0,60,0,53.775147,,,,,,,,,53.7670766,53.775147,54.2710536,54.2710536,54.288665,54.3082581,r,1,0.0305754,None,,,,,priyanshi,1,2025-08-22_10h14.50.109,Stroop_Task,,2025.2.0,60.41346979,2025-08-22 10h14.50.780836 +0530
BLUE,red,I,,,,,,,0.5462306,None,15,1,61,2,54.3238844,,,,,,,,,54.3161044,54.3238844,54.822561,54.822561,54.8377458,54.8586974,r,1,0.0229756,None,,,,,priyanshi,1,2025-08-22_10h14.50.109,Stroop_Task,,2025.2.0,60.41346979,2025-08-22 10h14.50.780836 +0530
BLUE,blue,I,,,,,,,0.4240491,None,15,2,62,1,54.8720788,,,,,,,,,54.8604485,54.8720788,55.3726102,55.3726102,55.3726102,55.4918994,b,1,0.1030299,None,,,,,priyanshi,1,2025-08-22_10h14.50.109,Stroop_Task,,2025.2.0,60.41346979,2025-08-22 10h14.50.780836 +0530
RED,blue,I,,,,,,,0.5214873,None,15,3,63,3,55.5075864,,,,,,,,,55.500839,55.5075864,56.0055159,56.0055159,56.0212184,56.0603574,b,1,0.0480808,None,,,,,priyanshi,1,2025-08-22_10h14.50.109,Stroop_Task,,2025.2.0,60.41346979,2025-08-22 10h14.50.780836 +0530
BLUE,blue,I,,,,,,,0.3767839,None,16,0,64,1,56.0765443,,,,,,,,,56.0695678,56.0765443,56.5727967,56.5727967,56.5884783,56.8087234,r,0,0.2176261,None,,,,,priyanshi,1,2025-08-22_10h14.50.109,Stroop_Task,,2025.2.0,60.41346979,2025-08-22 10h14.50.780836 +0530
BLUE,red,I,,,,,,,0.3787093,None,16,1,65,2,56.8220602,,,,,,,,,56.8105755,56.8220602,57.3214367,57.3214367,57.3214367,57.4926042,b,0,0.1543756,None,,,,,priyanshi,1,2025-08-22_10h14.50.109,Stroop_Task,,2025.2.0,60.41346979,2025-08-22 10h14.50.780836 +0530
RED,red,I,,,,,,,0.4943004,None,16,2,66,0,57.5081485,,,,,,,,,57.5005963,57.5081485,58.0061838,58.0061838,58.021968,58.2575641,r,1,0.237571,None,,,,,priyanshi,1,2025-08-22_10h14.50.109,Stroop_Task,,2025.2.0,60.41346979,2025-08-22 10h14.50.780836 +0530
RED,blue,I,,,,,,,0.3682194,None,16,3,67,3,58.2718557,,,,,,,,,58.2592628,58.2718557,58.7721084,58.7721084,58.7721084,58.8081852,r,0,0.0313257,None,,,,,priyanshi,1,2025-08-22_10h14.50.109,Stroop_Task,,2025.2.0,60.41346979,2025-08-22 10h14.50.780836 +0530
RED,blue,I,,,,,,,1.6618042,None,17,0,68,3,58.8222539,,,,,,,,,58.8104785,58.8222539,59.3220063,59.3220063,59.3220063,59.3430078,b,1,0.0110839,None,,,,,priyanshi,1,2025-08-22_10h14.50.109,Stroop_Task,,2025.2.0,60.41346979,2025-08-22 10h14.50.780836 +0530
BLUE,red,I,,,,,,,0.4036087,None,17,1,69,2,59.3595457,,,,,,,,,59.3510054,59.3595457,59.8554393,59.8554393,59.8718435,59.8751605,b,0,0.0087276,None,,,,,priyanshi,1,2025-08-22_10h14.50.109,Stroop_Task,,2025.2.0,60.41346979,2025-08-22 10h14.50.780836 +0530
BLUE,blue,I,,,,,,,0.3932587,None,17,2,70,1,59.8892059,,,,,,,,,59.876839,59.8892059,60.3890335,60.3890335,60.4055203,60.5407642,r,0,None,None,,,,,priyanshi,1,2025-08-22_10h14.50.109,Stroop_Task,,2025.2.0,60.41346979,2025-08-22 10h14.50.780836 +0530
RED,red,I,,,,,,,0.1964711,None,17,3,71,0,60.5555807,,,,,,,,,60.5485824,60.5555807,61.0559689,61.0559689,61.0559689,61.308165,b,0,0.2449777,None,,,,,priyanshi,1,2025-08-22_10h14.50.109,Stroop_Task,,2025.2.0,60.41346979,2025-08-22 10h14.50.780836 +0530
BLUE,blue,I,,,,,,,0.0044124,None,18,0,72,1,61.3248221,,,,,,,,,61.317088,61.3248221,61.8241713,61.8241713,61.8395485,61.8430889,b,1,0.015224,None,,,,,priyanshi,1,2025-08-22_10h14.50.109,Stroop_Task,,2025.2.0,60.41346979,2025-08-22 10h14.50.780836 +0530
BLUE,red,I,,,,,,,0.086786,None,18,1,73,2,61.8555033,,,,,,,,,61.8448396,61.8555033,62.3557265,62.3557265,62.3557265,62.407971,b,0,0.0361663,None,,,,,priyanshi,1,2025-08-22_10h14.50.109,Stroop_Task,,2025.2.0,60.41346979,2025-08-22 10h14.50.780836 +0530
RED,blue,I,,,,,,,0.0424532,None,18,2,74,3,62.4237275,,,,,,,,,62.4163397,62.4237275,62.9218525,62.9218525,62.9382122,63.0250233,r,0,0.0853543,None,,,,,priyanshi,1,2025-08-22_10h14.50.109,Stroop_Task,,2025.2.0,60.41346979,2025-08-22 10h14.50.780836 +0530
RED,red,I,,,,,,,0.0111058,None,18,3,75,0,63.0387437,,,,,,,,,63.0267364,63.0387437,63.5382726,63.5382726,63.5382726,63.5913509,r,1,0.0381405,None,,,,,priyanshi,1,2025-08-22_10h14.50.109,Stroop_Task,,2025.2.0,60.41346979,2025-08-22 10h14.50.780836 +0530
BLUE,blue,I,,,,,,,0.0166678,None,19,0,76,1,63.6073821,,,,,,,,,63.5993255,63.6073821,64.1061006,64.1061006,64.121519,64.1249167,r,0,0.0055898,None,,,,,priyanshi,1,2025-08-22_10h14.50.109,Stroop_Task,,2025.2.0,60.41346979,2025-08-22 10h14.50.780836 +0530
RED,red,I,,,,,,,0.0695506,None,19,1,77,0,64.1408832,,,,,,,,,64.1328404,64.1408832,64.638958,64.638958,64.6562298,64.6756875,b,0,0.019381,None,,,,,priyanshi,1,2025-08-22_10h14.50.109,Stroop_Task,,2025.2.0,60.41346979,2025-08-22 10h14.50.780836 +0530
BLUE,red,I,,,,,,,0.0079275,None,19,2,78,2,64.6910547,,,,,,,,,64.6844309,64.6910547,65.1894442,65.1894442,65.1894442,65.2754203,b,0,0.0727889,None,,,,,priyanshi,1,2025-08-22_10h14.50.109,Stroop_Task,,2025.2.0,60.41346979,2025-08-22 10h14.50.780836 +0530
RED,blue,I,,,,,,,0.0154306,None,19,3,79,3,65.2932519,,,,,,,,,65.2861615,65.2932519,65.788932,65.788932,65.8056434,65.9915327,r,0,0.1901692,None,,,,,priyanshi,1,2025-08-22_10h14.50.109,Stroop_Task,,2025.2.0,60.41346979,2025-08-22 10h14.50.780836 +0530
BLUE,blue,I,,,,,,,0.0229756,None,20,0,80,1,66.0074245,,,,,,,,,65.9999567,66.0074245,66.5058269,66.5058269,66.5215648,66.6098524,r,0,0.0893123,None,,,,,priyanshi,1,2025-08-22_10h14.50.109,Stroop_Task,,2025.2.0,60.41346979,2025-08-22 10h14.50.780836 +0530
RED,red,I,,,,,,,0.0480808,None,20,1,81,0,66.6258737,,,,,,,,,66.6180624,66.6258737,67.1217864,67.1217864,67.1388222,67.2255874,r,1,0.1002451,None,,,,,priyanshi,1,2025-08-22_10h14.50.109,Stroop_Task,,2025.2.0,60.41346979,2025-08-22 10h14.50.780836 +0530
BLUE,red,I,,,,,,,0.1543756,None,20,2,82,2,67.2422189,,,,,,,,,67.2345736,67.2422189,67.7383174,67.7383174,67.7551727,67.8420698,r,1,0.0947011,None,,,,,priyanshi,1,2025-08-22_10h14.50.109,Stroop_Task,,2025.2.0,60.41346979,2025-08-22 10h14.50.780836 +0530
RED,blue,I,,,,,,,0.0313257,None,20,3,83,3,67.8579028,,,,,,,,,67.8501817,67.8579028,68.3563851,68.3563851,68.3716231,68.4416649,r,0,0.0721938,None,,,,,priyanshi,1,2025-08-22_10h14.50.109,Stroop_Task,,2025.2.0,60.41346979,2025-08-22 10h14.50.780836 +0530
BLUE,blue,I,,,,,,,0.0110839,None,21,0,84,1,68.4577742,,,,,,,,,68.4499809,68.4577742,68.9550317,68.9550317,68.973157,69.0258608,r,0,0.0590434,None,,,,,priyanshi,1,2025-08-22_10h14.50.109,Stroop_Task,,2025.2.0,60.41346979,2025-08-22 10h14.50.780836 +0530
RED,red,I,,,,,,,0.0087276,None,21,1,85,0,69.040805,,,,,,,,,69.033651,69.040805,69.538867,69.538867,69.5558418,69.6258093,r,1,0.0792513,None,,,,,priyanshi,1,2025-08-22_10h14.50.109,Stroop_Task,,2025.2.0,60.41346979,2025-08-22 10h14.50.780836 +0530
RED,blue,I,,,,,,,0.0361663,None,21,2,86,3,69.6391708,,,,,,,,,69.628082,69.6391708,70.1383836,70.1383836,70.1383836,70.2251445,r,0,0.0705092,None,,,,,priyanshi,1,2025-08-22_10h14.50.109,Stroop_Task,,2025.2.0,60.41346979,2025-08-22 10h14.50.780836 +0530
BLUE,red,I,,,,,,,0.0853543,None,21,3,87,2,70.2402181,,,,,,,,,70.2334045,70.2402181,70.738607,70.738607,70.7554391,71.0083261,r,1,0.2598203,None,,,,,priyanshi,1,2025-08-22_10h14.50.109,Stroop_Task,,2025.2.0,60.41346979,2025-08-22 10h14.50.780836 +0530
BLUE,blue,I,,,,,,,0.0727889,None,22,0,88,1,71.0222703,,,,,,,,,71.01009,71.0222703,71.5223847,71.5223847,71.5223847,71.5590313,r,0,0.0237711,None,,,,,priyanshi,1,2025-08-22_10h14.50.109,Stroop_Task,,2025.2.0,60.41346979,2025-08-22 10h14.50.780836 +0530
RED,blue,I,,,,,,,0.1901692,None,22,1,89,3,71.5764043,,,,,,,,,71.5675803,71.5764043,72.0730196,72.0730196,72.0883961,72.1249139,b,1,0.0365474,None,,,,,priyanshi,1,2025-08-22_10h14.50.109,Stroop_Task,,2025.2.0,60.41346979,2025-08-22 10h14.50.780836 +0530
BLUE,red,I,,,,,,,0.0947011,None,22,2,90,2,72.1407186,,,,,,,,,72.1329357,72.1407186,72.6396795,72.6396795,72.6554965,72.9918098,r,1,0.3400531,None,,,,,priyanshi,1,2025-08-22_10h14.50.109,Stroop_Task,,2025.2.0,60.41346979,2025-08-22 10h14.50.780836 +0530
RED,red,I,,,,,,,0.0721938,None,22,3,91,0,73.0076266,,,,,,,,,72.9998918,73.0076266,73.5079062,73.5079062,73.5223139,73.9254099,b,0,0.4106884,None,,,,,priyanshi,1,2025-08-22_10h14.50.109,Stroop_Task,,2025.2.0,60.41346979,2025-08-22 10h14.50.780836 +0530
BLUE,blue,I,,,,,,,0.0705092,None,23,0,92,1,73.9406692,,,,,,,,,73.9331912,73.9406692,74.4391451,74.4391451,74.4553037,75.1110332,b,1,0.6674698,None,,,,,priyanshi,1,2025-08-22_10h14.50.109,Stroop_Task,,2025.2.0,60.41346979,2025-08-22 10h14.50.780836 +0530
RED,red,I,,,,,,,0.2598203,None,23,1,93,0,75.1287995,,,,,,,,,75.120424,75.1287995,75.6231057,75.6231057,75.6394765,76.1423823,r,1,0.5032833,None,,,,,priyanshi,1,2025-08-22_10h14.50.109,Stroop_Task,,2025.2.0,60.41346979,2025-08-22 10h14.50.780836 +0530
BLUE,red,I,,,,,,,0.0365474,None,23,2,94,2,76.1569294,,,,,,,,,76.1502843,76.1569294,76.6557541,76.6557541,76.6557541,77.4087448,r,1,0.7394386,None,,,,,priyanshi,1,2025-08-22_10h14.50.109,Stroop_Task,,2025.2.0,60.41346979,2025-08-22 10h14.50.780836 +0530
RED,blue,I,,,,,,,0.3400531,None,23,3,95,3,77.4241857,,,,,,,,,77.4165244,77.4241857,77.9224299,77.9224299,77.9385981,78.3923168,b,1,0.4539477,None,,,,,priyanshi,1,2025-08-22_10h14.50.109,Stroop_Task,,2025.2.0,60.41346979,2025-08-22 10h14.50.780836 +0530
BLUE,blue,I,,,,,,,0.7394386,None,24,0,96,1,78.4090811,,,,,,,,,78.4015047,78.4090811,78.9069832,78.9069832,78.9224083,79.5420528,b,1,0.6255502,None,,,,,priyanshi,1,2025-08-22_10h14.50.109,Stroop_Task,,2025.2.0,60.41346979,2025-08-22 10h14.50.780836 +0530
BLUE,red,I,,,,,,,0.4539477,None,24,1,97,2,79.5559734,,,,,,,,,79.5437575,79.5559734,80.0559625,80.0559625,80.0559625,80.4751445,r,1,0.4117319,None,,,,,priyanshi,1,2025-08-22_10h14.50.109,Stroop_Task,,2025.2.0,60.41346979,2025-08-22 10h14.50.780836 +0530
RED,blue,I,,,,,,,0.4117319,None,24,2,98,3,80.4912886,,,,,,,,,80.4839767,80.4912886,80.9893451,80.9893451,81.0060067,81.4087184,r,0,0.4093844,None,,,,,priyanshi,1,2025-08-22_10h14.50.109,Stroop_Task,,2025.2.0,60.41346979,2025-08-22 10h14.50.780836 +0530
RED,red,I,,,,,,,0.4093844,None,24,3,99,0,81.4231628,,,,,,,,,81.4105166,81.4231628,81.9233298,81.9233298,81.9233298,82.3592323,b,0,0.4222192,None,,,,,priyanshi,1,2025-08-22_10h14.50.109,Stroop_Task,,2025.2.0,60.41346979,2025-08-22 10h14.50.780836 +0530
,,,,,,,,,,,,,,,,,,,,,,,,,,,,,,,,,,,82.3596604,82.3739201,83.3728875,priyanshi,1,2025-08-22_10h14.50.109,Stroop_Task,,2025.2.0,60.41346979,2025-08-22 10h14.50.780836 +0530
,,,,,,,,,congruent,0.297381234,,,,,,,,,,,,,,,,,,,,,,,,,,,,,,,,,,,
,,,,,,,,,incongruent,0.291331258,,,,,,,,,,,,,,,,,,,,,,,,,,,,,,,,,,,
,,,,,,,,,strrop effect,-0.006049976,,,,,,,,,,,,,,,,,,,,,,,,,,,,,,,,,,,
