word,colour,coungrency,,,,,,,key_resp.rt,key_resp.duration,trials.thisRepN,trials.thisTrialN,trials.thisN,trials.thisIndex,thisRow.t,notes,Intro.started,text.started,key_resp_2.started,text.stopped,Intro.stopped,key_resp_2.keys,key_resp_2.rt,key_resp_2.duration,trial.started,Fixation.started,cc.started,key_resp.started,Fixation.stopped,cc.stopped,trial.stopped,trials.key_resp.keys,trials.key_resp.corr,trials.key_resp.rt,trials.key_resp.duration,thankyou.started,text_2.started,thankyou.stopped,participant,session,date,expName,expVersion,psychopyVersion,frameRate,expStart
,,,,,,,,,,,,,,,,,0.003568,0.0346063,0.0346063,1.0361369,1.193871,space,1.1321746,None,,,,,,,,,,,,,,,Vishva,1,2025-08-22_10h07.58.597,Stroop_Task,,2025.2.0,60.42913144,2025-08-22 10h07.58.900622 +0530
RED,red,C,,,,,,,1.77963,None,0,0,0,0,1.2641855,,,,,,,,,,1.2490828,1.2641855,1.7038439,1.7038439,1.7711674,2.2025959,3.4898568,r,1,1.77963,None,,,,Vishva,1,2025-08-22_10h07.58.597,Stroop_Task,,2025.2.0,60.42913144,2025-08-22 10h07.58.900622 +0530
BLUE,red,C,,,,,,,0.2544861,None,0,1,1,2,3.5157299,,,,,,,,,,3.5091675,3.5157299,4.0025896,4.0025896,4.0197285,4.5027164,5.055836,b,0,1.0410403,None,,,,Vishva,1,2025-08-22_10h07.58.597,Stroop_Task,,2025.2.0,60.42913144,2025-08-22 10h07.58.900622 +0530
RED,blue,C,,,,,,,2.7995377,None,0,2,2,3,5.0709853,,,,,,,,,,5.0644583,5.0709853,5.5693824,5.5693824,5.5859489,,5.8906651,r,0,0.312392,None,,,,Vishva,1,2025-08-22_10h07.58.597,Stroop_Task,,2025.2.0,60.42913144,2025-08-22 10h07.58.900622 +0530
BLUE,blue,C,,,,,,,0.7328075,None,0,3,3,1,5.9120149,,,,,,,,,,5.9054324,5.9120149,6.404399,6.404399,6.4207099,,6.6728319,b,1,0.2544861,None,,,,Vishva,1,2025-08-22_10h07.58.597,Stroop_Task,,2025.2.0,60.42913144,2025-08-22 10h07.58.900622 +0530
BLUE,red,C,,,,,,,0.280136,None,1,0,4,2,6.6868125,,,,,,,,,,6.6746695,6.6868125,7.1863435,7.1863435,7.1863435,7.6876669,10.1913872,b,0,3.0005115,None,,,,Vishva,1,2025-08-22_10h07.58.597,Stroop_Task,,2025.2.0,60.42913144,2025-08-22 10h07.58.900622 +0530
RED,red,C,,,,,,,0.4845191,None,1,1,5,0,10.2098668,,,,,,,,,,10.2015604,10.2098668,10.7045106,10.7045106,10.7207657,11.2205042,13.5246554,r,1,2.7995377,None,,,,Vishva,1,2025-08-22_10h07.58.597,Stroop_Task,,2025.2.0,60.42913144,2025-08-22 10h07.58.900622 +0530
RED,blue,C,,,,,,,0.310871,None,1,2,6,3,13.5369081,,,,,,,,,,13.5264362,13.5369081,14.0372589,14.0372589,14.0372589,14.5372255,15.2744139,b,1,1.2259317,None,,,,Vishva,1,2025-08-22_10h07.58.597,Stroop_Task,,2025.2.0,60.42913144,2025-08-22 10h07.58.900622 +0530
BLUE,blue,C,,,,,,,0.0279144,None,1,3,7,1,15.2923198,,,,,,,,,,15.2845164,15.2923198,15.7884114,15.7884114,15.8037689,16.3035416,16.5401308,r,0,0.7328075,None,,,,Vishva,1,2025-08-22_10h07.58.597,Stroop_Task,,2025.2.0,60.42913144,2025-08-22 10h07.58.900622 +0530
RED,red,C,,,,,,,0.6205158,None,2,0,8,0,16.5550484,,,,,,,,,,16.5489786,16.5550484,17.0543204,17.0543204,17.0543204,,17.3415735,b,0,0.280136,None,,,,Vishva,1,2025-08-22_10h07.58.597,Stroop_Task,,2025.2.0,60.42913144,2025-08-22 10h07.58.900622 +0530
RED,blue,C,,,,,,,0.8750846,None,2,1,9,3,17.3550533,,,,,,,,,,17.3436095,17.3550533,17.8533944,17.8533944,17.8695388,,18.2902215,b,1,0.4220888,None,,,,Vishva,1,2025-08-22_10h07.58.597,Stroop_Task,,2025.2.0,60.42913144,2025-08-22 10h07.58.900622 +0530
BLUE,red,C,,,,,,,0.4822131,None,2,2,10,2,18.3065318,,,,,,,,,,18.2989957,18.3065318,18.8032358,18.8032358,18.8200353,,19.0571104,b,0,0.2475818,None,,,,Vishva,1,2025-08-22_10h07.58.597,Stroop_Task,,2025.2.0,60.42913144,2025-08-22 10h07.58.900622 +0530
BLUE,blue,C,,,,,,,0.5159802,None,2,3,11,1,19.0708829,,,,,,,,,,19.0588843,19.0708829,19.5709346,19.5709346,19.5709346,20.0711314,20.0739467,b,1,0.4845191,None,,,,Vishva,1,2025-08-22_10h07.58.597,Stroop_Task,,2025.2.0,60.42913144,2025-08-22 10h07.58.900622 +0530
BLUE,red,C,,,,,,,0.431814,None,3,0,12,2,20.0894351,,,,,,,,,,20.0757045,20.0894351,20.5863704,20.5863704,20.6030959,,21.0240885,b,0,0.4286814,None,,,,Vishva,1,2025-08-22_10h07.58.597,Stroop_Task,,2025.2.0,60.42913144,2025-08-22 10h07.58.900622 +0530
RED,red,C,,,,,,,1.3327799,None,3,1,13,0,21.0421423,,,,,,,,,,21.0341591,21.0421423,21.5372505,21.5372505,21.5530144,,21.8563335,b,0,0.310871,None,,,,Vishva,1,2025-08-22_10h07.58.597,Stroop_Task,,2025.2.0,60.42913144,2025-08-22 10h07.58.900622 +0530
RED,blue,C,,,,,,,0.1256021,None,3,2,14,3,21.8707677,,,,,,,,,,21.8581388,21.8707677,22.3702413,22.3702413,22.3702413,,22.6750648,b,1,0.2990994,None,,,,Vishva,1,2025-08-22_10h07.58.597,Stroop_Task,,2025.2.0,60.42913144,2025-08-22 10h07.58.900622 +0530
BLUE,blue,C,,,,,,,0.0585259,None,3,3,15,1,22.6944557,,,,,,,,,,22.6869585,22.6944557,23.187362,23.187362,23.2035641,,23.2230349,r,0,0.0279144,None,,,,Vishva,1,2025-08-22_10h07.58.597,Stroop_Task,,2025.2.0,60.42913144,2025-08-22 10h07.58.900622 +0530
RED,blue,C,,,,,,,0.1371395,None,4,0,16,3,23.2391675,,,,,,,,,,23.2316229,23.2391675,23.7380461,23.7380461,23.7535186,,24.0905631,r,0,0.3389617,None,,,,Vishva,1,2025-08-22_10h07.58.597,Stroop_Task,,2025.2.0,60.42913144,2025-08-22 10h07.58.900622 +0530
BLUE,red,C,,,,,,,0.1108721,None,4,1,17,2,24.1075581,,,,,,,,,,24.1001301,24.1075581,24.6056265,24.6056265,24.6207725,,24.9748779,b,0,0.3642219,None,,,,Vishva,1,2025-08-22_10h07.58.597,Stroop_Task,,2025.2.0,60.42913144,2025-08-22 10h07.58.900622 +0530
RED,red,C,,,,,,,0.0162231,None,4,2,18,0,24.9921479,,,,,,,,,,24.9843189,24.9921479,25.4873768,25.4873768,25.5034003,25.9864614,26.1244794,r,1,0.6205158,None,,,,Vishva,1,2025-08-22_10h07.58.597,Stroop_Task,,2025.2.0,60.42913144,2025-08-22 10h07.58.900622 +0530
BLUE,blue,C,,,,,,,0.0018121,None,4,3,19,1,26.1411819,,,,,,,,,,26.1336051,26.1411819,26.6382513,26.6382513,26.6538779,27.1375225,27.5233326,r,0,0.8750846,None,,,,Vishva,1,2025-08-22_10h07.58.597,Stroop_Task,,2025.2.0,60.42913144,2025-08-22 10h07.58.900622 +0530
RED,blue,C,,,,,,,1.1149214,None,5,0,20,3,27.538532,,,,,,,,,,27.5312299,27.538532,28.0376533,28.0376533,28.0532739,28.5535482,29.1598241,r,0,1.1134656,None,,,,Vishva,1,2025-08-22_10h07.58.597,Stroop_Task,,2025.2.0,60.42913144,2025-08-22 10h07.58.900622 +0530
BLUE,red,C,,,,,,,0.4191752,None,5,1,21,2,29.1774171,,,,,,,,,,29.1703269,29.1774171,29.6711435,29.6711435,29.6875334,,30.009124,b,0,0.3326377,None,,,,Vishva,1,2025-08-22_10h07.58.597,Stroop_Task,,2025.2.0,60.42913144,2025-08-22 10h07.58.900622 +0530
RED,red,C,,,,,,,0.4147475,None,5,2,22,0,30.0271304,,,,,,,,,,30.0188355,30.0271304,30.5202512,30.5202512,30.5378361,31.0219826,31.0069074,b,0,0.4822131,None,,,,Vishva,1,2025-08-22_10h07.58.597,Stroop_Task,,2025.2.0,60.42913144,2025-08-22 10h07.58.900622 +0530
BLUE,blue,C,,,,,,,0.6627043,None,5,3,23,1,31.0219826,,,,,,,,,,31.0150409,31.0219826,31.52008,31.52008,31.52008,32.0204114,32.0415198,b,1,0.5159802,None,,,,Vishva,1,2025-08-22_10h07.58.597,Stroop_Task,,2025.2.0,60.42913144,2025-08-22 10h07.58.900622 +0530
RED,red,C,,,,,,,0.2626571,None,6,0,24,0,32.0570273,,,,,,,,,,32.050233,32.0570273,32.554932,32.554932,32.5708709,,32.9903953,r,1,0.431814,None,,,,Vishva,1,2025-08-22_10h07.58.597,Stroop_Task,,2025.2.0,60.42913144,2025-08-22 10h07.58.900622 +0530
RED,blue,C,,,,,,,0.3106458,None,6,1,25,3,33.0043393,,,,,,,,,,32.9922018,33.0043393,33.5041138,33.5041138,33.5041138,,33.808146,b,1,0.2884193,None,,,,Vishva,1,2025-08-22_10h07.58.597,Stroop_Task,,2025.2.0,60.42913144,2025-08-22 10h07.58.900622 +0530
BLUE,blue,C,,,,,,,0.3998046,None,6,2,26,1,33.8254241,,,,,,,,,,33.8172722,33.8254241,34.3219775,34.3219775,34.3439327,34.8208495,35.658462,r,0,1.3327799,None,,,,Vishva,1,2025-08-22_10h07.58.597,Stroop_Task,,2025.2.0,60.42913144,2025-08-22 10h07.58.900622 +0530
BLUE,red,C,,,,,,,0.4563481,None,6,3,27,2,35.6720107,,,,,,,,,,35.6603023,35.6720107,36.1693642,36.1693642,36.186569,,36.2384887,r,1,0.0635232,None,,,,Vishva,1,2025-08-22_10h07.58.597,Stroop_Task,,2025.2.0,60.42913144,2025-08-22 10h07.58.900622 +0530
BLUE,red,C,,,,,,,0.228539,None,7,0,28,2,36.2544432,,,,,,,,,,36.2397034,36.2544432,36.7536494,36.7536494,36.7536494,,36.8566168,b,0,None,None,,,,Vishva,1,2025-08-22_10h07.58.597,Stroop_Task,,2025.2.0,60.42913144,2025-08-22 10h07.58.900622 +0530
RED,red,C,,,,,,,0.041644,None,7,1,29,0,36.8711328,,,,,,,,,,36.865203,36.8711328,37.3702161,37.3702161,37.3702161,,37.5066764,b,0,0.1256021,None,,,,Vishva,1,2025-08-22_10h07.58.597,Stroop_Task,,2025.2.0,60.42913144,2025-08-22 10h07.58.900622 +0530
BLUE,blue,C,,,,,,,0.0104802,None,7,2,30,1,37.5222543,,,,,,,,,,37.5154957,37.5222543,38.0209257,38.0209257,38.0377788,,38.0901758,b,1,0.0585259,None,,,,Vishva,1,2025-08-22_10h07.58.597,Stroop_Task,,2025.2.0,60.42913144,2025-08-22 10h07.58.900622 +0530
RED,blue,C,,,,,,,0.2745013,None,7,3,31,3,38.1061697,,,,,,,,,,38.0989956,38.1061697,38.6046406,38.6046406,38.6202828,,38.7087083,b,1,0.0989745,None,,,,Vishva,1,2025-08-22_10h07.58.597,Stroop_Task,,2025.2.0,60.42913144,2025-08-22 10h07.58.900622 +0530
RED,red,C,,,,,,,0.1656254,None,8,0,32,0,38.7211001,,,,,,,,,,38.7105069,38.7211001,39.2204869,39.2204869,39.2379881,,39.3751313,b,0,0.1371395,None,,,,Vishva,1,2025-08-22_10h07.58.597,Stroop_Task,,2025.2.0,60.42913144,2025-08-22 10h07.58.900622 +0530
RED,blue,C,,,,,,,0.0592085,None,8,1,33,3,39.3884145,,,,,,,,,,39.3768783,39.3884145,39.8876881,39.8876881,39.8876881,,39.9911049,b,1,0.0861654,None,,,,Vishva,1,2025-08-22_10h07.58.597,Stroop_Task,,2025.2.0,60.42913144,2025-08-22 10h07.58.900622 +0530
BLUE,blue,C,,,,,,,0.0030471,None,8,2,34,1,40.0051004,,,,,,,,,,39.9992903,40.0051004,40.5035561,40.5035561,40.5210948,,40.6243705,b,1,0.1108721,None,,,,Vishva,1,2025-08-22_10h07.58.597,Stroop_Task,,2025.2.0,60.42913144,2025-08-22 10h07.58.900622 +0530
BLUE,red,C,,,,,,,0.0233179,None,8,3,35,2,40.637981,,,,,,,,,,40.6260989,40.637981,41.1378369,41.1378369,41.1378369,,41.1916556,b,0,0.0473818,None,,,,Vishva,1,2025-08-22_10h07.58.597,Stroop_Task,,2025.2.0,60.42913144,2025-08-22 10h07.58.900622 +0530
BLUE,blue,C,,,,,,,0.0184059,None,9,0,36,1,41.2046175,,,,,,,,,,41.1933713,41.2046175,41.7035969,41.7035969,41.7035969,,41.7242601,b,1,0.0162231,None,,,,Vishva,1,2025-08-22_10h07.58.597,Stroop_Task,,2025.2.0,60.42913144,2025-08-22 10h07.58.900622 +0530
BLUE,red,C,,,,,,,0.1154804,None,9,1,37,2,41.737731,,,,,,,,,,41.725952,41.737731,42.2373233,42.2373233,42.2373233,,42.3744687,r,1,0.1337634,None,,,,Vishva,1,2025-08-22_10h07.58.597,Stroop_Task,,2025.2.0,60.42913144,2025-08-22 10h07.58.900622 +0530
RED,red,C,,,,,,,0.0056111,None,9,2,38,0,42.3904542,,,,,,,,,,42.3828586,42.3904542,42.8872988,42.8872988,42.9052048,,42.8922251,r,1,0.0018121,None,,,,Vishva,1,2025-08-22_10h07.58.597,Stroop_Task,,2025.2.0,60.42913144,2025-08-22 10h07.58.900622 +0530
RED,blue,C,,,,,,,0.0092119,None,9,3,39,3,42.9052048,,,,,,,,,,42.8941255,42.9052048,43.4053208,43.4053208,43.4053208,43.9052763,44.0414983,b,1,0.6230218,None,,,,Vishva,1,2025-08-22_10h07.58.597,Stroop_Task,,2025.2.0,60.42913144,2025-08-22 10h07.58.900622 +0530
RED,blue,C,,,,,,,0.0239486,None,10,0,40,3,44.0544879,,,,,,,,,,44.0432309,44.0544879,44.5535979,44.5535979,44.5700304,,45.0216726,r,0,0.4516701,None,,,,Vishva,1,2025-08-22_10h07.58.597,Stroop_Task,,2025.2.0,60.42913144,2025-08-22 10h07.58.900622 +0530
BLUE,blue,C,,,,,,,0.0183618,None,10,1,41,1,45.0359042,,,,,,,,,,45.0258881,45.0359042,45.5359213,45.5359213,45.5359213,46.0356948,46.6540955,b,1,1.1149214,None,,,,Vishva,1,2025-08-22_10h07.58.597,Stroop_Task,,2025.2.0,60.42913144,2025-08-22 10h07.58.900622 +0530
BLUE,red,C,,,,,,,0.0143584,None,10,2,42,2,46.6691847,,,,,,,,,,46.6546882,46.6691847,47.1689789,47.1689789,47.1689789,47.6694149,47.8036088,b,0,0.6185913,None,,,,Vishva,1,2025-08-22_10h07.58.597,Stroop_Task,,2025.2.0,60.42913144,2025-08-22 10h07.58.900622 +0530
RED,red,C,,,,,,,0.0857979,None,10,3,43,0,47.8190358,,,,,,,,,,47.8062526,47.8190358,48.3043514,48.3043514,48.3200852,,48.7381606,r,1,0.4191752,None,,,,Vishva,1,2025-08-22_10h07.58.597,Stroop_Task,,2025.2.0,60.42913144,2025-08-22 10h07.58.900622 +0530
RED,red,C,,,,,,,0.0570672,None,11,0,44,0,48.753189,,,,,,,,,,48.7392254,48.753189,49.2545098,49.2545098,49.2545098,,49.6736504,r,1,0.4147475,None,,,,Vishva,1,2025-08-22_10h07.58.597,Stroop_Task,,2025.2.0,60.42913144,2025-08-22 10h07.58.900622 +0530
BLUE,red,C,,,,,,,0.0315904,None,11,1,45,2,49.6880349,,,,,,,,,,49.6807708,49.6880349,50.1885281,50.1885281,50.1885281,,50.5415668,r,1,0.3440726,None,,,,Vishva,1,2025-08-22_10h07.58.597,Stroop_Task,,2025.2.0,60.42913144,2025-08-22 10h07.58.900622 +0530
RED,blue,C,,,,,,,0.1217436,None,11,2,46,3,50.5569829,,,,,,,,,,50.5498348,50.5569829,51.0541249,51.0541249,51.0707299,,51.3576761,r,0,0.2963908,None,,,,Vishva,1,2025-08-22_10h07.58.597,Stroop_Task,,2025.2.0,60.42913144,2025-08-22 10h07.58.900622 +0530
BLUE,blue,C,,,,,,,0.1286174,None,11,3,47,1,51.3741317,,,,,,,,,,51.3660263,51.3741317,51.8708013,51.8708013,51.8876168,52.3705766,52.5411786,b,1,0.6627043,None,,,,Vishva,1,2025-08-22_10h07.58.597,Stroop_Task,,2025.2.0,60.42913144,2025-08-22 10h07.58.900622 +0530
BLUE,red,C,,,,,,,0.1273098,None,12,0,48,2,52.5547914,,,,,,,,,,52.5429044,52.5547914,53.0540072,53.0540072,53.0540072,53.5544682,54.3911052,r,1,1.3232018,None,,,,Vishva,1,2025-08-22_10h07.58.597,Stroop_Task,,2025.2.0,60.42913144,2025-08-22 10h07.58.900622 +0530
RED,blue,C,,,,,,,0.1293883,None,12,1,49,3,54.4063959,,,,,,,,,,54.3995689,54.4063959,54.9056193,54.9056193,54.9056193,55.4059134,55.6764793,b,1,0.755759,None,,,,Vishva,1,2025-08-22_10h07.58.597,Stroop_Task,,2025.2.0,60.42913144,2025-08-22 10h07.58.900622 +0530
RED,red,I,,,,,,,1.0410403,None,12,2,50,0,55.6886017,,,,,,,,,,55.6785639,55.6886017,56.1875632,56.1875632,56.2041494,,56.4576145,r,1,0.2626571,None,,,,Vishva,1,2025-08-22_10h07.58.597,Stroop_Task,,2025.2.0,60.42913144,2025-08-22 10h07.58.900622 +0530
BLUE,blue,I,,,,,,,0.312392,None,12,3,51,1,56.4732723,,,,,,,,,,56.4659236,56.4732723,56.9789434,56.9789434,57.003505,,57.3080498,b,1,0.3106458,None,,,,Vishva,1,2025-08-22_10h07.58.597,Stroop_Task,,2025.2.0,60.42913144,2025-08-22 10h07.58.900622 +0530
RED,red,I,,,,,,,3.0005115,None,13,0,52,0,57.3233221,,,,,,,,,,57.3169783,57.3233221,57.821454,57.821454,57.8384697,,58.2248464,r,1,0.3998046,None,,,,Vishva,1,2025-08-22_10h07.58.597,Stroop_Task,,2025.2.0,60.42913144,2025-08-22 10h07.58.900622 +0530
RED,blue,I,,,,,,,1.2259317,None,13,1,53,3,58.2387631,,,,,,,,,,58.2266724,58.2387631,58.7393649,58.7393649,58.7393649,,59.0576587,b,1,0.3098489,None,,,,Vishva,1,2025-08-22_10h07.58.597,Stroop_Task,,2025.2.0,60.42913144,2025-08-22 10h07.58.900622 +0530
BLUE,blue,I,,,,,,,0.4220888,None,13,2,54,1,59.0745407,,,,,,,,,,59.0667618,59.0745407,59.5725767,59.5725767,59.5885189,,60.0415483,b,1,0.4563481,None,,,,Vishva,1,2025-08-22_10h07.58.597,Stroop_Task,,2025.2.0,60.42913144,2025-08-22 10h07.58.900622 +0530
BLUE,red,I,,,,,,,0.2475818,None,13,3,55,2,60.0549176,,,,,,,,,,60.0433398,60.0549176,60.5558566,60.5558566,60.5558566,61.0716985,61.9102366,r,1,1.3432213,None,,,,Vishva,1,2025-08-22_10h07.58.597,Stroop_Task,,2025.2.0,60.42913144,2025-08-22 10h07.58.900622 +0530
RED,blue,I,,,,,,,0.4286814,None,14,0,56,3,61.9272877,,,,,,,,,,61.9202415,61.9272877,62.422245,62.422245,62.4390728,,62.8075223,b,1,0.376746,None,,,,Vishva,1,2025-08-22_10h07.58.597,Stroop_Task,,2025.2.0,60.42913144,2025-08-22 10h07.58.900622 +0530
BLUE,blue,I,,,,,,,0.2990994,None,14,1,57,1,62.8230368,,,,,,,,,,62.8160636,62.8230368,63.3223765,63.3223765,63.338438,,63.5593936,r,0,0.228539,None,,,,Vishva,1,2025-08-22_10h07.58.597,Stroop_Task,,2025.2.0,60.42913144,2025-08-22 10h07.58.900622 +0530
BLUE,red,I,,,,,,,0.3389617,None,14,2,58,2,63.5748616,,,,,,,,,,63.5617972,63.5748616,64.0710469,64.0710469,64.0880845,,64.3582707,b,0,0.2831371,None,,,,Vishva,1,2025-08-22_10h07.58.597,Stroop_Task,,2025.2.0,60.42913144,2025-08-22 10h07.58.900622 +0530
RED,red,I,,,,,,,0.3642219,None,14,3,59,0,64.373145,,,,,,,,,,64.36629,64.373145,64.8714663,64.8714663,64.8876319,,64.9242546,b,0,0.041644,None,,,,Vishva,1,2025-08-22_10h07.58.597,Stroop_Task,,2025.2.0,60.42913144,2025-08-22 10h07.58.900622 +0530
RED,red,I,,,,,,,1.1134656,None,15,0,60,0,64.9385255,,,,,,,,,,64.9260116,64.9385255,65.4383008,65.4383008,65.4383008,,65.4579012,b,0,0.0104802,None,,,,Vishva,1,2025-08-22_10h07.58.597,Stroop_Task,,2025.2.0,60.42913144,2025-08-22 10h07.58.900622 +0530
RED,blue,I,,,,,,,0.3326377,None,15,1,61,3,65.4717186,,,,,,,,,,65.4595926,65.4717186,65.9707309,65.9707309,65.9707309,,66.1091589,r,0,0.1302082,None,,,,Vishva,1,2025-08-22_10h07.58.597,Stroop_Task,,2025.2.0,60.42913144,2025-08-22 10h07.58.900622 +0530
BLUE,red,I,,,,,,,0.2884193,None,15,2,62,2,66.1269053,,,,,,,,,,66.117599,66.1269053,66.6219048,66.6219048,66.6386125,,66.6427509,b,0,0.0070526,None,,,,Vishva,1,2025-08-22_10h07.58.597,Stroop_Task,,2025.2.0,60.42913144,2025-08-22 10h07.58.900622 +0530
BLUE,blue,I,,,,,,,0.0635232,None,15,3,63,1,66.6557244,,,,,,,,,,66.6444577,66.6557244,67.155259,67.155259,67.1740086,,67.4427187,b,1,0.2745013,None,,,,Vishva,1,2025-08-22_10h07.58.597,Stroop_Task,,2025.2.0,60.42913144,2025-08-22 10h07.58.900622 +0530
RED,blue,I,,,,,,,0.0635232,None,16,0,64,3,67.4583157,,,,,,,,,,67.4510028,67.4583157,67.9549012,67.9549012,67.9711714,,67.9924524,b,1,0.024294,None,,,,Vishva,1,2025-08-22_10h07.58.597,Stroop_Task,,2025.2.0,60.42913144,2025-08-22 10h07.58.900622 +0530
BLUE,blue,I,,,,,,,0.0989745,None,16,1,65,1,68.0079568,,,,,,,,,,68.000483,68.0079568,68.506721,68.506721,68.5210019,,68.6755652,b,1,0.1656254,None,,,,Vishva,1,2025-08-22_10h07.58.597,Stroop_Task,,2025.2.0,60.42913144,2025-08-22 10h07.58.900622 +0530
RED,red,I,,,,,,,0.0861654,None,16,2,66,0,68.6928674,,,,,,,,,,68.6854063,68.6928674,69.1886387,69.1886387,69.2043874,,69.2578814,r,1,0.0592085,None,,,,Vishva,1,2025-08-22_10h07.58.597,Stroop_Task,,2025.2.0,60.42913144,2025-08-22 10h07.58.900622 +0530
BLUE,red,I,,,,,,,0.0473818,None,16,3,67,2,69.2745477,,,,,,,,,,69.2659612,69.2745477,69.7710857,69.7710857,69.787783,,69.891493,b,0,0.1165241,None,,,,Vishva,1,2025-08-22_10h07.58.597,Stroop_Task,,2025.2.0,60.42913144,2025-08-22 10h07.58.900622 +0530
RED,blue,I,,,,,,,0.1337634,None,17,0,68,3,69.9085611,,,,,,,,,,69.9008775,69.9085611,70.416002,70.416002,70.416002,,70.5092528,r,0,0.0883378,None,,,,Vishva,1,2025-08-22_10h07.58.597,Stroop_Task,,2025.2.0,60.42913144,2025-08-22 10h07.58.900622 +0530
RED,red,I,,,,,,,0.6230218,None,17,1,69,0,70.5222756,,,,,,,,,,70.5109456,70.5222756,71.0220185,71.0220185,71.0377639,,71.0405443,r,1,0.0030471,None,,,,Vishva,1,2025-08-22_10h07.58.597,Stroop_Task,,2025.2.0,60.42913144,2025-08-22 10h07.58.900622 +0530
BLUE,blue,I,,,,,,,0.4516701,None,17,2,70,1,71.0552571,,,,,,,,,,71.0485737,71.0552571,71.5554669,71.5554669,71.5554669,,71.5918449,r,0,0.0233179,None,,,,Vishva,1,2025-08-22_10h07.58.597,Stroop_Task,,2025.2.0,60.42913144,2025-08-22 10h07.58.900622 +0530
BLUE,red,I,,,,,,,0.6185913,None,17,3,71,2,71.6050502,,,,,,,,,,71.5935549,71.6050502,72.1053877,72.1053877,72.1053877,,72.2587558,b,0,0.1356556,None,,,,Vishva,1,2025-08-22_10h07.58.597,Stroop_Task,,2025.2.0,60.42913144,2025-08-22 10h07.58.900622 +0530
RED,blue,I,,,,,,,0.3440726,None,18,0,72,3,72.273654,,,,,,,,,,72.2677686,72.273654,72.7708731,72.7708731,72.7878967,,72.9078281,r,0,0.1205011,None,,,,Vishva,1,2025-08-22_10h07.58.597,Stroop_Task,,2025.2.0,60.42913144,2025-08-22 10h07.58.900622 +0530
BLUE,red,I,,,,,,,0.2963908,None,18,1,73,2,72.922131,,,,,,,,,,72.9158818,72.922131,73.4217112,73.4217112,73.4377144,,73.4583759,r,1,0.0184059,None,,,,Vishva,1,2025-08-22_10h07.58.597,Stroop_Task,,2025.2.0,60.42913144,2025-08-22 10h07.58.900622 +0530
RED,red,I,,,,,,,1.3232018,None,18,2,74,0,73.4722064,,,,,,,,,,73.4666342,73.4722064,73.9726856,73.9726856,73.9726856,,74.0584133,r,1,None,None,,,,Vishva,1,2025-08-22_10h07.58.597,Stroop_Task,,2025.2.0,60.42913144,2025-08-22 10h07.58.900622 +0530
BLUE,blue,I,,,,,,,0.755759,None,18,3,75,1,74.0738533,,,,,,,,,,74.0672502,74.0738533,74.5721002,74.5721002,74.587988,,74.6929987,b,1,0.1154804,None,,,,Vishva,1,2025-08-22_10h07.58.597,Stroop_Task,,2025.2.0,60.42913144,2025-08-22 10h07.58.900622 +0530
RED,red,I,,,,,,,0.3098489,None,19,0,76,0,74.7093274,,,,,,,,,,74.7013255,74.7093274,75.206086,75.206086,75.2225266,,75.2262977,b,0,0.0056111,None,,,,Vishva,1,2025-08-22_10h07.58.597,Stroop_Task,,2025.2.0,60.42913144,2025-08-22 10h07.58.900622 +0530
BLUE,red,I,,,,,,,1.3432213,None,19,1,77,2,75.2431651,,,,,,,,,,75.2360689,75.2431651,75.7399558,75.7399558,75.7553605,,75.7761532,b,0,0.0195567,None,,,,Vishva,1,2025-08-22_10h07.58.597,Stroop_Task,,2025.2.0,60.42913144,2025-08-22 10h07.58.900622 +0530
BLUE,blue,I,,,,,,,0.376746,None,19,2,78,1,75.7891572,,,,,,,,,,75.7781032,75.7891572,76.289556,76.289556,76.289556,,76.3093773,b,1,0.0092119,None,,,,Vishva,1,2025-08-22_10h07.58.597,Stroop_Task,,2025.2.0,60.42913144,2025-08-22 10h07.58.900622 +0530
RED,blue,I,,,,,,,0.2831371,None,19,3,79,3,76.3256686,,,,,,,,,,76.3181657,76.3256686,76.8223711,76.8223711,76.838305,,76.8578354,b,1,0.0204159,None,,,,Vishva,1,2025-08-22_10h07.58.597,Stroop_Task,,2025.2.0,60.42913144,2025-08-22 10h07.58.900622 +0530
RED,blue,I,,,,,,,0.1302082,None,20,0,80,3,76.8717134,,,,,,,,,,76.8595627,76.8717134,77.3722653,77.3722653,77.3722653,,77.4251314,b,1,0.0342146,None,,,,Vishva,1,2025-08-22_10h07.58.597,Stroop_Task,,2025.2.0,60.42913144,2025-08-22 10h07.58.900622 +0530
BLUE,red,I,,,,,,,0.0070526,None,20,1,81,2,77.4389275,,,,,,,,,,77.4335506,77.4389275,77.9395613,77.9395613,77.9395613,,77.9596405,b,0,0.0075717,None,,,,Vishva,1,2025-08-22_10h07.58.597,Stroop_Task,,2025.2.0,60.42913144,2025-08-22 10h07.58.900622 +0530
BLUE,blue,I,,,,,,,0.024294,None,20,2,82,1,77.972088,,,,,,,,,,77.9616287,77.972088,78.4731755,78.4731755,78.4731755,,78.5095225,b,1,0.0239486,None,,,,Vishva,1,2025-08-22_10h07.58.597,Stroop_Task,,2025.2.0,60.42913144,2025-08-22 10h07.58.900622 +0530
RED,red,I,,,,,,,0.1165241,None,20,3,83,0,78.5254209,,,,,,,,,,78.5179676,78.5254209,79.0232139,79.0232139,79.03989,,79.0599968,b,0,0.0183618,None,,,,Vishva,1,2025-08-22_10h07.58.597,Stroop_Task,,2025.2.0,60.42913144,2025-08-22 10h07.58.900622 +0530
BLUE,blue,I,,,,,,,0.0883378,None,21,0,84,1,79.0768358,,,,,,,,,,79.0705553,79.0768358,79.5723718,79.5723718,79.5902206,,79.5942303,b,1,0.0143584,None,,,,Vishva,1,2025-08-22_10h07.58.597,Stroop_Task,,2025.2.0,60.42913144,2025-08-22 10h07.58.900622 +0530
BLUE,red,I,,,,,,,0.1356556,None,21,1,85,2,79.620879,,,,,,,,,,79.5971877,79.620879,80.1059909,80.1059909,80.1220177,,80.191748,r,1,0.0717261,None,,,,Vishva,1,2025-08-22_10h07.58.597,Stroop_Task,,2025.2.0,60.42913144,2025-08-22 10h07.58.900622 +0530
RED,red,I,,,,,,,0.1205011,None,21,2,86,0,80.2061268,,,,,,,,,,80.199963,80.2061268,80.7046814,80.7046814,80.721435,,80.8081201,b,0,0.0857979,None,,,,Vishva,1,2025-08-22_10h07.58.597,Stroop_Task,,2025.2.0,60.42913144,2025-08-22 10h07.58.900622 +0530
RED,blue,I,,,,,,,0.0184059,None,21,3,87,3,80.821443,,,,,,,,,,80.8097906,80.821443,81.3224182,81.3224182,81.3224182,,81.441943,r,0,0.1107666,None,,,,Vishva,1,2025-08-22_10h07.58.597,Stroop_Task,,2025.2.0,60.42913144,2025-08-22 10h07.58.900622 +0530
BLUE,blue,I,,,,,,,0.0195567,None,22,0,88,1,81.4571725,,,,,,,,,,81.4504904,81.4571725,81.9559342,81.9559342,81.9719037,,82.0259035,r,0,0.0570672,None,,,,Vishva,1,2025-08-22_10h07.58.597,Stroop_Task,,2025.2.0,60.42913144,2025-08-22 10h07.58.900622 +0530
RED,blue,I,,,,,,,0.0204159,None,22,1,89,3,82.041793,,,,,,,,,,82.0348506,82.041793,82.5386061,82.5386061,82.5551222,,82.6082901,r,0,0.0524537,None,,,,Vishva,1,2025-08-22_10h07.58.597,Stroop_Task,,2025.2.0,60.42913144,2025-08-22 10h07.58.900622 +0530
RED,red,I,,,,,,,0.0342146,None,22,2,90,0,82.6224755,,,,,,,,,,82.6101858,82.6224755,83.122843,83.122843,83.122843,,83.1605045,r,1,0.0315904,None,,,,Vishva,1,2025-08-22_10h07.58.597,Stroop_Task,,2025.2.0,60.42913144,2025-08-22 10h07.58.900622 +0530
BLUE,red,I,,,,,,,0.0075717,None,22,3,91,2,83.1777306,,,,,,,,,,83.16873,83.1777306,83.671579,83.671579,83.6883855,,83.7588982,r,1,0.0792006,None,,,,Vishva,1,2025-08-22_10h07.58.597,Stroop_Task,,2025.2.0,60.42913144,2025-08-22 10h07.58.900622 +0530
BLUE,blue,I,,,,,,,0.0717261,None,23,0,92,1,83.7729643,,,,,,,,,,83.7606051,83.7729643,84.2726055,84.2726055,84.2888936,,84.4077839,r,0,0.1217436,None,,,,Vishva,1,2025-08-22_10h07.58.597,Stroop_Task,,2025.2.0,60.42913144,2025-08-22 10h07.58.900622 +0530
BLUE,red,I,,,,,,,0.1107666,None,23,1,93,2,84.4213862,,,,,,,,,,84.4095026,84.4213862,84.9213162,84.9213162,84.9213162,,85.0574421,r,1,0.119001,None,,,,Vishva,1,2025-08-22_10h07.58.597,Stroop_Task,,2025.2.0,60.42913144,2025-08-22 10h07.58.900622 +0530
RED,blue,I,,,,,,,0.0524537,None,23,2,94,3,85.0723044,,,,,,,,,,85.0657528,85.0723044,85.5718258,85.5718258,85.5718258,,85.6911611,r,0,0.1100761,None,,,,Vishva,1,2025-08-22_10h07.58.597,Stroop_Task,,2025.2.0,60.42913144,2025-08-22 10h07.58.900622 +0530
RED,red,I,,,,,,,0.0792006,None,23,3,95,0,85.7056976,,,,,,,,,,85.692995,85.7056976,86.1889867,86.1889867,86.2049302,,86.3251291,r,1,0.1286174,None,,,,Vishva,1,2025-08-22_10h07.58.597,Stroop_Task,,2025.2.0,60.42913144,2025-08-22 10h07.58.900622 +0530
BLUE,red,I,,,,,,,0.119001,None,24,0,96,2,86.3409312,,,,,,,,,,86.3334497,86.3409312,86.8394466,86.8394466,86.8554993,,86.892073,b,0,0.0353834,None,,,,Vishva,1,2025-08-22_10h07.58.597,Stroop_Task,,2025.2.0,60.42913144,2025-08-22 10h07.58.900622 +0530
BLUE,blue,I,,,,,,,0.1100761,None,24,1,97,1,86.9069098,,,,,,,,,,86.8937884,86.9069098,87.4057932,87.4057932,87.4226246,,87.5434587,b,1,0.1273098,None,,,,Vishva,1,2025-08-22_10h07.58.597,Stroop_Task,,2025.2.0,60.42913144,2025-08-22 10h07.58.900622 +0530
RED,blue,I,,,,,,,0.0353834,None,24,2,98,3,87.5590952,,,,,,,,,,87.5515471,87.5590952,88.0571162,88.0571162,88.0727783,,88.0765445,r,0,0.0079493,None,,,,Vishva,1,2025-08-22_10h07.58.597,Stroop_Task,,2025.2.0,60.42913144,2025-08-22 10h07.58.900622 +0530
RED,red,I,,,,,,,0.0079493,None,24,3,99,0,88.0889559,,,,,,,,,,88.0786202,88.0889559,88.5889358,88.5889358,88.5889358,,88.7271254,r,1,0.1293883,None,,,,Vishva,1,2025-08-22_10h07.58.597,Stroop_Task,,2025.2.0,60.42913144,2025-08-22 10h07.58.900622 +0530
,,,,,,,,,,,,,,,,,,,,,,,,,,,,,,,,,,,,88.7276153,88.7409245,89.7385178,Vishva,1,2025-08-22_10h07.58.597,Stroop_Task,,2025.2.0,60.42913144,2025-08-22 10h07.58.900622 +0530
,,,,,,,,,coungruent,0.342254486,,,,,,,,,,,,,,,,,,,,,,,,,,,,,,,,,,,,
,,,,,,,,,incongruent,0.358866406,,,,,,,,,,,,,,,,,,,,,,,,,,,,,,,,,,,,
,,,,,,,,,strrop effect ,0.01661192,,,,,,,,,,,,,,,,,,,,,,,,,,,,,,,,,,,,
